id	name	base	prop	par	min	max
2574	噬咬者	手斧	dmg%		60	70
2575	死亡之鏟	斧	dmg%		60	70
2576	肩胛骨	雙刃斧	dmg%		30	50
2577	劈顱斧	軍用鎬	att		50	100
2577	劈顱斧	軍用鎬	dmg%		60	100
2577	劈顱斧	軍用鎬	ltng-max		12	15
2578	耙痕	征戰斧	dmg%		75	150
2579	費屈瑪之斧	重斧	dmg%		70	90
2580	血鍬	闊斧	dmg%		40	50
2581	酋長	戰斧	dmg-ltng		1	40
2581	酋長	戰斧	res-all		10	20
2582	劈腦	巨斧	dmg%		50	80
2582	劈腦	巨斧	dmg-fire		15	35
2582	劈腦	巨斧	manasteal		10	13
2583	巨無霸	巨人斧	dmg%		80	120
2583	巨無霸	巨人斧	dmg-max		15	25
2583	巨無霸	巨人斧	str		20	30
2584	伊洛的火炬	魔杖	dmg-fire		5	9
2585	漩渦	紫杉魔杖	skill	66	1	3
2585	漩渦	紫杉魔杖	skill	74	1	3
2585	漩渦	紫杉魔杖	skill	76	1	3
2585	漩渦	紫杉魔杖	skill	77	1	3
2586	墓穴之脊	骸骨魔杖	mana		25	50
2588	魔橡樹	短棒	dmg%		70	80
2589	喪鐘敲擊者	權杖	dmg%		70	80
2590	鏽蝕把手	莊嚴權杖	dmg%		50	60
2590	鏽蝕把手	莊嚴權杖	dmg-norm		3	7
2590	鏽蝕把手	莊嚴權杖	dmg-undead		50	60
2590	鏽蝕把手	莊嚴權杖	skill	111	1	3
2591	暴風眼	征戰權杖	dmg%		80	120
2591	暴風眼	征戰權杖	dmg-cold	75	3	5
2591	暴風眼	征戰權杖	dmg-ltng		1	6
2591	暴風眼	征戰權杖	skill	110	3	5
2592	特粗鐵釘	狼牙棒	thorns		3	10
2593	碎擊釘錘	釘鎚	dmg%		50	60
2595	將軍的連枷	連枷	dmg%		50	60
2596	鐵石	戰鎚	att		100	150
2596	鐵石	戰鎚	dmg%		100	150
2597	碎骨	重鎚	dmg%		200	300
2598	打鋼鎚	巨型重鎚	dmg%		150	250
2600	血紅新月	彎刀	dmg%		60	80
2601	克里維茲的肉叉	軍刀	dmg-norm		3	7
2602	閃耀鐮刀	彎刃大刀	dmg%		60	100
2602	閃耀鐮刀	彎刃大刀	dmg-cold	50	3	5
2603	碧藍怒火	幻化之刃	all-stats		5	10
2603	碧藍怒火	幻化之刃	aura	Sanctuary	10	13
2603	碧藍怒火	幻化之刃	dmg%		230	270
2603	碧藍怒火	幻化之刃	dmg-cold	250	250	500
2603	碧藍怒火	幻化之刃	dmg-mag		250	500
2603	碧藍怒火	水晶劍	dmg-cold	100	3	6
2603	碧藍怒火	水晶劍	dmg-mag		5	10
2604	格里斯瓦德之刃	闊劍	dmg%		80	120
2604	格里斯瓦德之刃	闊劍	fire-max		15	25
2604	格里斯瓦德之刃	闊劍	fire-min		10	12
2605	地獄瘟疫	長劍	dmg%		70	80
2605	地獄瘟疫	長劍	dmg-fire		25	75
2606	庫爾溫的尖刃	征戰劍	dmg%		70	80
2607	暗影之牙	雙手劍	dmg-cold	150	10	30
2608	剝魂	闊刃大劍	dmg%		70	100
2608	剝魂	闊刃大劍	manasteal		4	10
2609	金麥爾的鑽錐	大劍	att		100	150
2609	金麥爾的鑽錐	大劍	dmg%		80	100
2609	金麥爾的鑽錐	大劍	fire-max		20	40
2610	黑舌	重劍	dmg%		50	60
2611	齒鋸	焰形劍	dmg%		80	100
2612	尊父	巨劍	dmg%		100	120
2615	玉匕	波刃匕首	att		100	150
2617	龍槍	長矛	dmg-fire		3	6
2618	剃刀叉	三叉戟	dmg%		30	50
2619	血賊	三叉槍	dmg%		50	70
2619	血賊	三叉槍	lifesteal		8	12
2621	坦納血杖	步戰矛	dmg%		80	100
2623	鐵刺棒	槍斧	dmg%		60	80
2623	鐵刺棒	槍斧	dur		20	40
2624	靈魂收割者	鐮刀	dmg%		50	90
2625	戰鬥枝椏	長柄斧	att		50	100
2625	戰鬥枝椏	長柄斧	dmg%		50	70
2626	悲哀護杖	長戟	dmg%		20	40
2628	禍根之灰	短杖	dmg%		50	60
2629	海蛇之王	長杖	dmg%		30	40
2630	拉撒雷茲之杖	木節法杖	dmg-ltng		1	28
2631	火精靈	戰鬥法杖	dmg-fire		15	32
2634	凋萎之弦	獵弓	dmg%		40	50
2635	掠鴉之爪	長弓	dmg%		60	70
2636	俠盜之弓	複合弓	dmg%		40	60
2637	暴風之擊	戰鬥短弓	dmg%		70	90
2637	暴風之擊	戰鬥短弓	dmg-ltng		1	30
2638	凋謝弓弦	戰鬥長弓	att		50	100
2638	凋謝弓弦	戰鬥長弓	dmg%		70	80
2638	凋謝弓弦	戰鬥長弓	pierce-cold		20	35
2639	地獄轟鳴	征戰短弓	att		50	75
2639	地獄轟鳴	征戰短弓	dmg%		70	90
2639	地獄轟鳴	征戰短弓	fire-max		30	50
2640	爆裂咆哮	征戰長弓	dmg%		70	130
2643	地獄擲弩	重弩	dmg%		70	80
2643	地獄擲弩	重弩	dmg-fire		15	35
2644	毀滅投索	連弩	dmg%		60	100
2646	塔因頭盔	顱帽	mag%		25	50
2648	黃昏深處	全罩盔	ac		10	20
2648	黃昏深處	全罩盔	ac%		30	50
2651	不死皇冠	王冠	ac%		30	60
2651	不死皇冠	王冠	att-undead		50	100
2657	暗光	環甲	ac%		70	100
2658	鷹甲	鱗甲	ac%		80	100
2659	電光之甲	鎖鍊甲	ac%		75	85
2659	電光之甲	鎖鍊甲	dmg-ltng		1	20
2659	電光之甲	鎖鍊甲	light-thorns		10	14
2660	毒之守禦	胸鎧	ac%		60	100
2661	冰晶	板甲	ac%		70	80
2662	骨肉	鎧甲	ac%		100	120
2663	石羊毛	野戰鎧甲	ac%		100	130
2665	黃金之膚	全身鎧甲	ac%		120	150
2666	勝利者的絲綢	上古鎧甲	ac%		100	120
2668	新月小盾	小圓盾	ac%		30	40
2668	新月小盾	小圓盾	dur		8	12
2669	陰影圓盤	小型盾	ac%		40	50
2669	陰影圓盤	小型盾	dur		10	15
2670	風暴同盟	大型盾	ac%		50	60
2670	風暴同盟	大型盾	dmg-ltng		1	6
2670	風暴同盟	大型盾	dur		10	15
2671	無眼者之牆	骨盾	ac%		30	40
2672	劍棘之盾	尖刺盾	ac%		30	60
2672	劍棘之盾	尖刺盾	bloody		3	5
2673	鋼鐵衝擊	鳶盾	ac%		60	100
2673	鋼鐵衝擊	鳶盾	dur		15	20
2674	布雷維特要塞	塔盾	ac%		80	120
2674	布雷維特要塞	塔盾	dur		80	100
2675	庇護結界	哥德盾	res-all		30	50
2676	柏克之手	皮革手套	ac%		10	20
2677	血拳	厚皮手套	ac%		10	20
2678	運氣守護	鍊甲手套	ac%		20	30
2678	運氣守護	鍊甲手套	mag%		25	40
2679	法師之拳	輕型護手	ac%		20	30
2679	法師之拳	輕型護手	dmg-fire		1	6
2680	霜燃	鋼鐵護手	ac%		10	20
2680	霜燃	鋼鐵護手	dmg-cold	50	1	6
2681	熱靴刺	皮靴	ac%		10	20
2681	熱靴刺	皮靴	dmg-fire		3	6
2682	血腳	重靴	ac%		20	30
2682	血腳	重靴	bloody		3	5
2683	凱松的足靴	鎖鍊靴	ac%		30	40
2684	哥布林腳趾	輕鎧靴	ac%		50	60
2685	裂臀	護脛	ac%		60	80
2687	蛇索	輕腰帶	ac%		20	30
2688	夜煙	腰帶	ac%		30	50
2689	黃金裹腰	厚腰帶	ac%		40	60
2689	黃金裹腰	厚腰帶	gold%		50	80
2690	刀鋒扣帶	鎧甲腰帶	ac%		80	100
2691	諾科藍遺物	護身符	dmg-fire		3	6
2692	艾利曲之眼	護身符	ac-miss		10	40
2692	艾利曲之眼	護身符	cold-len		50	250
2692	艾利曲之眼	護身符	cold-max		3	5
2692	艾利曲之眼	護身符	cold-min		1	2
2692	艾利曲之眼	護身符	lifesteal		3	7
2692	艾利曲之眼	護身符	light		1	5
2694	拿各的戒指	戒指	att		50	75
2694	拿各的戒指	戒指	mag%		15	30
2695	瑪那德的治療	戒指	manasteal		4	7
2695	瑪那德的治療	戒指	regen		5	8
10000	霸圖克的割喉爪	巨鷹爪	dmg%		150	200
10000	霸圖克的割喉爪	巨鷹爪	dmg-norm		25	50
10000	霸圖克的割喉爪	巨鷹爪	lifesteal		5	9
10911	狂巫之弦	攻城短弓	dmg%		150	170
10911	狂巫之弦	攻城短弓	hit-skill	66	2	5
11153	地獄火炬	大型咒符	all-stats		10	20
11153	地獄火炬	大型咒符	charged	Hydra	10	30
11153	地獄火炬	大型咒符	hit-skill	197	5	10
11153	地獄火炬	大型咒符	randclassskill		0	6
11153	地獄火炬	大型咒符	res-all		10	20
21286	冷殺	短斧	dmg%		150	190
21286	冷殺	短斧	gethit-skill	44	10	5
21288	屠夫的徒弟	斬斧	dmg%		150	200
21288	屠夫的徒弟	斬斧	dmg-norm		30	50
21289	島擊	雙面斧	dmg%		170	190
21290	龐貝之怒	鴉嘴鎬	dmg%		140	170
21290	龐貝之怒	鴉嘴鎬	dmg-fire		35	150
21290	龐貝之怒	鴉嘴鎬	hit-skill	244	4	8
21291	那伽守護者	那伽斧	dmg%		150	180
21291	那伽守護者	那伽斧	hit-skill	92	5	8
21293	鋼鐵魔咒	鉤斧	charged	54	20	1
21293	鋼鐵魔咒	鉤斧	charged	87	30	3
21293	鋼鐵魔咒	鉤斧	charged	101	100	10
21293	鋼鐵魔咒	鉤斧	charged	225	60	12
21293	鋼鐵魔咒	鉤斧	red-mag		12	15
21294	暴風騎士	長戰斧	dmg-ltng		1	200
21294	暴風騎士	長戰斧	dmg-norm		35	75
21294	暴風騎士	長戰斧	gethit-skill	38	15	5
21294	暴風騎士	長戰斧	hit-skill	38	10	0
21294	暴風騎士	長戰斧	hit-skill	53	5	10
21295	斬骨者之斧	哥德斧	charged	101	200	20
21295	斬骨者之斧	哥德斧	dmg%		180	220
21295	斬骨者之斧	哥德斧	gethit-skill	101	50	0
21299	李奧瑞克王的手骨	古墓魔杖	gethit-skill	88	10	2
21299	李奧瑞克王的手骨	古墓魔杖	gethit-skill	93	5	10
21300	黑手之鑰	墓地魔杖	charged	150	30	13
21301	闇族碎滅者	鬥棍	att%		20	25
21304	惡臭散佈者	聖水禮杖	att		150	200
21304	惡臭散佈者	聖水禮杖	dmg%		160	190
21304	惡臭散佈者	聖水禮杖	dmg-norm		15	25
21304	惡臭散佈者	聖水禮杖	hit-skill	81	10	1
21304	惡臭散佈者	聖水禮杖	hit-skill	87	5	1
21305	聖光之手	聖恩權杖	dmg%		130	160
21305	聖光之手	聖恩權杖	dmg-norm		20	45
21305	聖光之手	聖恩權杖	hit-skill	121	5	4
21306	血肉撕裂者	倒刺棍棒	dmg%		130	200
21306	血肉撕裂者	倒刺棍棒	dmg-norm		35	50
21307	尖嘯冰霜	凸緣釘鎚	charged	64	50	9
21307	尖嘯冰霜	凸緣釘鎚	dmg%		150	180
21307	尖嘯冰霜	凸緣釘鎚	dmg-cold	125	63	112
21307	尖嘯冰霜	凸緣釘鎚	dmg-norm		5	10
21308	月落	鋸齒釘頭鎚	charged	56	60	11
21308	月落	鋸齒釘頭鎚	dmg%		120	150
21308	月落	鋸齒釘頭鎚	dmg-fire		55	115
21308	月落	鋸齒釘頭鎚	dmg-norm		10	15
21308	月落	鋸齒釘頭鎚	hit-skill	56	5	6
21308	月落	鋸齒釘頭鎚	red-mag		9	12
21310	震地者	戰鬥鐵鎚	hit-skill	234	5	7
21311	血樹殘株	征戰重鎚	dmg%		180	220
21312	痛苦之槌	長柄戰鎚	charged	66	3	8
21312	痛苦之槌	長柄戰鎚	dmg%		130	160
21312	痛苦之槌	長柄戰鎚	dmg-norm		12	30
21312	痛苦之槌	長柄戰鎚	gethit-skill	76	5	1
21312	痛苦之槌	長柄戰鎚	hit-skill	66	5	1
21313	放血者	羅馬短劍	dmg-norm		12	45
21313	放血者	羅馬短劍	skill	127	2	4
21313	放血者	羅馬短劍	skill	151	1	3
21315	妖火	波斯彎刀	charged	62	36	6
21315	妖火	波斯彎刀	dmg%		140	160
21315	妖火	波斯彎刀	dmg-norm		35	40
21316	阿里巴巴之刃	印度彎刀	dex		5	15
21316	阿里巴巴之刃	印度彎刀	dmg%		60	120
21319	疫病帶原者	符文劍	dmg-norm		10	45
21319	疫病帶原者	符文劍	hit-skill	92	5	4
21321	恐懼之嘔	雙手重劍	dmg%		160	200
21322	冰之王	達西安長刀	dmg%		130	160
21322	冰之王	達西安長刀	dmg-cold	75	50	140
21322	冰之王	達西安長刀	hit-skill	64	5	3
21323	兇邪軀殼	長牙劍	dmg%		150	200
21323	兇邪軀殼	長牙劍	hit-skill	66	6	1
21324	雲裂	哥德劍	dmg%		150	200
21324	雲裂	哥德劍	dmg-ltng		1	240
21324	雲裂	哥德劍	hit-skill	121	6	7
21325	死落之火	日耳曼大劍	att-skill	47	10	6
21325	死落之火	日耳曼大劍	charged	51	20	10
21325	死落之火	日耳曼大劍	charged	52	45	10
21325	死落之火	日耳曼大劍	dmg%		120	160
21325	死落之火	日耳曼大劍	dmg-fire		50	200
21326	劍衛	處刑劍	dmg%		170	180
21326	劍衛	處刑劍	res-all		10	20
21327	裂脊者	刺擊短劍	dmg%		200	240
21327	裂脊者	刺擊短劍	dmg-norm		15	27
21328	刨心者	圓柄匕首	dmg%		190	240
21328	刨心者	圓柄匕首	dmg-norm		15	35
21329	黑沼之鋒	闊身短劍	dmg-norm		15	45
21330	暴風尖刺	窄刃匕首	dmg-ltng		1	120
21330	暴風尖刺	窄刃匕首	gethit-skill	38	25	3
21331	刺穿者	征戰長矛	dmg%		140	170
21332	水魔陷阱	矛叉	dmg%		140	180
21332	水魔陷阱	矛叉	dmg-norm		30	50
21333	噬魂叉	征戰軍叉	att		150	250
21333	噬魂叉	征戰軍叉	dmg%		150	190
21334	骨寸斷	三尖槍	dmg%		160	200
21334	骨寸斷	三尖槍	dmg-norm		20	40
21335	榮耀尖塔	長槍	dmg%		150	200
21335	榮耀尖塔	長槍	dmg-norm		20	40
21336	刮肉者	鉤斧	dmg%		150	200
21337	黑蛭長刀	長柄鍥	dmg%		100	140
21338	雅典娜之怒	戰鬥鐮刀	dmg%		150	180
21338	雅典娜之怒	戰鬥鐮刀	dru		1	3
21339	墓石長戟	闊頭槍	att		100	200
21339	墓石長戟	闊頭槍	dmg%		160	220
21339	墓石長戟	闊頭槍	dmg-norm		12	20
21340	血肉吞食者	渡鴉喙	att		200	250
21340	血肉吞食者	渡鴉喙	dmg%		160	200
21340	血肉吞食者	渡鴉喙	dmg-norm		20	32
21341	懼焰亡靈	陰森鐮刀	att		200	250
21341	懼焰亡靈	陰森鐮刀	dmg%		140	180
21341	懼焰亡靈	陰森鐮刀	dmg-fire		131	232
21342	肋骨粉碎者	長棍	dmg%		200	300
21342	肋骨粉碎者	長棍	dmg-norm		30	65
21343	炫彩之怒	杉木法杖	hp%		20	25
21343	炫彩之怒	杉木法杖	res-all		20	40
21346	天擊	銳弓	dmg%		150	200
21346	天擊	銳弓	dmg-ltng		1	250
21346	天擊	銳弓	hit-skill	56	2	6
21347	社角久子	杉木弓	dmg%		150	180
21347	社角久子	杉木弓	dmg-fire		40	180
21350	金擊之拱	哥德弓	att%		100	150
21350	金擊之拱	哥德弓	dmg%		200	250
21350	金擊之拱	哥德弓	dmg-demon		100	200
21350	金擊之拱	哥德弓	dmg-undead		100	200
21350	金擊之拱	哥德弓	hit-skill	121	5	7
21351	蘭古布利薩	鋼弩	dmg%		170	200
21351	蘭古布利薩	鋼弩	dmg-ltng		1	212
21351	蘭古布利薩	鋼弩	dmg-max		10	30
21351	蘭古布利薩	鋼弩	mag%		30	60
21352	吐膿毒弩	攻城弩	dmg%		150	220
21352	吐膿毒弩	攻城弩	gethit-skill	92	9	6
21352	吐膿毒弩	攻城弩	hit-skill	91	4	1
21353	暴雪砲弩	砲弩	ac		75	150
21353	暴雪砲弩	砲弩	dmg%		150	200
21353	暴雪砲弩	砲弩	dmg-cold	200	32	196
21354	吸血鬼的凝視	陰森頭盔	dmg-cold	100	6	22
21354	吸血鬼的凝視	陰森頭盔	lifesteal		6	8
21354	吸血鬼的凝視	陰森頭盔	manasteal		6	8
21354	吸血鬼的凝視	陰森頭盔	red-dmg%		15	20
21354	吸血鬼的凝視	陰森頭盔	red-mag		10	15
21355	長串之耳	魔皮束帶	ac%		150	180
21355	長串之耳	魔皮束帶	lifesteal		6	8
21355	長串之耳	魔皮束帶	red-dmg%		10	15
21355	長串之耳	魔皮束帶	red-mag		10	15
21356	蝕肉騎士	征戰靴	ac%		160	200
21357	熔岩之痛	戰鬥護手	ac%		150	200
21357	熔岩之痛	戰鬥護手	dmg-fire		13	46
21357	熔岩之痛	戰鬥護手	hit-skill	52	2	10
21358	劇毒之握	魔皮手套	ac		15	25
21358	劇毒之握	魔皮手套	ac%		130	160
21359	維斯爾坦特	防禦盾	ac%		100	150
21361	箭止	鐵網戰甲	ac%		180	220
21362	蛇魔法師之皮	海蛇皮甲	red-mag		9	13
21362	蛇魔法師之皮	海蛇皮甲	res-all		20	35
21364	女武神之翼	翼盔	ac%		150	200
21364	女武神之翼	翼盔	ama		1	2
21364	女武神之翼	翼盔	mana-kill		2	4
21365	農夫王冠	戰帽	regen		6	12
21367	巫師之怒	符文弓	att		200	250
21367	巫師之怒	符文弓	dmg%		120	150
21367	巫師之怒	符文弓	dmg-norm		25	50
21367	巫師之怒	符文弓	red-mag		9	13
21368	懸崖殺手	攻城長弓	dmg%		190	230
21368	懸崖殺手	攻城長弓	dmg-max		20	30
21368	懸崖殺手	攻城長弓	dmg-min		5	10
21369	撕裂之鉤	剃刀弓	dmg%		180	220
21369	撕裂之鉤	剃刀弓	lifesteal		7	10
21372	冰鋼之眼	水手刀	dmg%		200	250
21375	溫達的智慧	長者法杖	ac		450	550
21375	溫達的智慧	長者法杖	allskills		2	4
21375	溫達的智慧	長者法杖	enr		40	50
21375	溫達的智慧	長者法杖	red-mag		5	8
21379	死亡尖鑽	戰鬥飛鏢	att		200	450
21379	死亡尖鑽	戰鬥飛鏢	dmg%		130	180
21379	死亡尖鑽	戰鬥飛鏢	lifesteal		7	9
21379	死亡尖鑽	戰鬥飛鏢	manasteal		4	6
21380	戰爭之鳥	刃翼飛刀	dmg%		200	250
21380	戰爭之鳥	刃翼飛刀	hit-skill	Nova	25	9
21381	內臟吸管	惡魔弩	dmg%		160	220
21381	內臟吸管	惡魔弩	lifesteal		12	18
21382	剃刀銳斧	輕斧	dmg%		175	225
21387	惡魔肢體	暴君棍棒	charged	Enchant	20	23
21387	惡魔肢體	暴君棍棒	dmg%		180	230
21387	惡魔肢體	暴君棍棒	dmg-fire		222	333
21387	惡魔肢體	暴君棍棒	lifesteal		7	13
21387	惡魔肢體	暴君棍棒	res-fire		15	20
21388	鋼影	覆頰盔	abs-fire		5	11
21388	鋼影	覆頰盔	ac%		100	130
21388	鋼影	覆頰盔	manasteal		4	8
21388	鋼影	覆頰盔	regen		10	18
21389	盜墓者	絕秘斧	att-undead		250	350
21389	盜墓者	絕秘斧	dmg%		200	280
21389	盜墓者	絕秘斧	dmg-undead		150	230
21389	盜墓者	絕秘斧	heal-kill		10	14
21389	盜墓者	絕秘斧	mag%		50	80
21389	盜墓者	絕秘斧	res-all		30	50
21389	盜墓者	絕秘斧	sock		1	3
21394	懺悔者	強威權杖	dmg		60	120
21394	懺悔者	強威權杖	dmg%		250	300
21394	懺悔者	強威權杖	dmg-demon		200	250
21394	懺悔者	強威權杖	skill	Holy Bolt	2	4
21394	懺悔者	強威權杖	skill	Redemption	2	4
21398	破骨	巨魔斧	charged	Corpse Explosion	30	14
21398	破骨	巨魔斧	dmg%		270	320
21398	破骨	巨魔斧	hit-skill	Bone Spear	50	16
21399	碎鋼	巨魔護手	ac		170	210
21399	碎鋼	巨魔護手	dmg%		30	60
21399	碎鋼	巨魔護手	str		15	20
21400	碎石者	傳說戰鎚	dmg		10	30
21400	碎石者	傳說戰鎚	dmg%		280	320
21400	碎石者	傳說戰鎚	str		20	30
21402	愛理歐克之針	亥伯龍矛	allskills		2	4
21402	愛理歐克之針	亥伯龍矛	dmg%		180	230
21403	影舞者	勇士護脛	ac%		70	100
21403	影舞者	勇士護脛	dex		15	25
21403	影舞者	勇士護脛	skilltab	19	1	2
21407	吸魂者	護臂	ac%		90	120
21407	吸魂者	護臂	hit-skill	Weaken	8	3
21407	吸魂者	護臂	lifesteal		4	7
21407	吸魂者	護臂	manasteal		4	7
21408	符文大師	雙頭斧	dmg%		220	270
21408	符文大師	雙頭斧	sock		3	5
21409	死亡劈斧	狂戰斧	dmg%		230	280
21409	死亡劈斧	狂戰斧	heal-kill		6	9
21410	劊子手的裁決	榮光斧	dmg%		240	290
21410	劊子手的裁決	榮光斧	kill-skill	Decrepify	50	6
21412	利維坦	海怪之殼	ac		100	150
21412	利維坦	海怪之殼	ac%		170	200
21412	利維坦	海怪之殼	red-dmg%		15	25
21412	利維坦	海怪之殼	str		40	50
21417	鬼火投射者	戒指	abs-ltng%		10	20
21417	鬼火投射者	戒指	charged	Heart of Wolverine	13	5
21417	鬼火投射者	戒指	charged	Oak Sage	15	2
21417	鬼火投射者	戒指	charged	Spirit of Barbs	11	7
21417	鬼火投射者	戒指	hit-skill	Lightning	10	16
21417	鬼火投射者	戒指	mag%		10	20
21418	石像鬼之噬	飛翼魚叉	charged	Plague Javelin	60	11
21418	石像鬼之噬	飛翼魚叉	dmg%		180	230
21418	石像鬼之噬	飛翼魚叉	lifesteal		9	15
21419	撕裂者	刃翼飛斧	dmg%		150	210
21419	撕裂者	刃翼飛斧	hit-skill	Amplify Damage	33	3
21420	曼宋的教誨	統御者法杖	pierce-cold		7	15
21420	曼宋的教誨	統御者法杖	pierce-fire		7	15
21420	曼宋的教誨	統御者法杖	pierce-ltng		7	15
21421	蛇魔叉	捕人叉	att		200	250
21421	蛇魔叉	捕人叉	dmg%		190	240
21421	蛇魔叉	捕人叉	hit-skill	Poison Explosion	15	9
21421	蛇魔叉	捕人叉	res-pois		30	50
21425	惡魔角尖	毀滅者頭盔	ac%		120	160
21425	惡魔角尖	毀滅者頭盔	lifesteal		3	6
21425	惡魔角尖	毀滅者頭盔	skilltab	12	1	3
21425	惡魔角尖	毀滅者頭盔	skilltab	13	1	3
21425	惡魔角尖	毀滅者頭盔	skilltab	14	1	3
21425	惡魔角尖	毀滅者頭盔	thorns		55	77
21427	死神喪鐘	斬鐮	dmg%		190	240
21427	死神喪鐘	斬鐮	dmg-cold		4	44
21427	死神喪鐘	斬鐮	hit-skill	Decrepify	33	1
21427	死神喪鐘	斬鐮	lifesteal		11	15
21428	魂靈守衛者	地土靈獸帽	abs-cold%		15	25
21428	魂靈守衛者	地土靈獸帽	abs-ltng		9	14
21428	魂靈守衛者	地土靈獸帽	ac%		170	190
21428	魂靈守衛者	地土靈獸帽	dru		1	2
21428	魂靈守衛者	地土靈獸帽	res-fire		30	40
21429	地獄刑具	巨神弩	att%		100	150
21429	地獄刑具	巨神弩	charged	Immolation Arrow	150	18
21429	地獄刑具	巨神弩	dmg%		180	230
21429	地獄刑具	巨神弩	dmg-elem	33	63	324
21430	黑魂	神聖輕圓盾	ac%		180	210
21430	黑魂	神聖輕圓盾	att%		40	75
21430	黑魂	神聖輕圓盾	dmg%		40	75
21430	黑魂	神聖輕圓盾	pal		1	2
21430	黑魂	神聖輕圓盾	red-mag		5	9
21431	魔力肇生	鮮血之王顱骨	ac%		140	180
21431	魔力肇生	鮮血之王顱骨	skilltab	6	1	3
21431	魔力肇生	鮮血之王顱骨	skilltab	7	1	3
21431	魔力肇生	鮮血之王顱骨	skilltab	8	1	3
21438	鬼火	傳說尖刀	dmg%		190	240
21438	鬼火	傳說尖刀	manasteal		10	15
21439	影殺者	戰鬥刃拳	dmg%		170	220
21439	影殺者	戰鬥刃拳	hit-skill	Frost Nova	33	8
21439	影殺者	戰鬥刃拳	mana-kill		10	15
21442	獅鷲之眼	權冠	ac		100	200
21442	獅鷲之眼	權冠	extra-ltng		10	15
21442	獅鷲之眼	權冠	pierce-ltng		15	20
21444	風之鎚	巨魔重鎚	dmg%		180	230
21444	風之鎚	巨魔重鎚	hit-skill	Twister	33	22
21445	雷霆之擊	女傑標槍	dmg%		150	200
21445	雷霆之擊	女傑標槍	dmg-ltng		1	511
21445	雷霆之擊	女傑標槍	hit-skill	Lightning	20	14
21445	雷霆之擊	女傑標槍	skilltab	2	2	4
21447	惡魔之拱	炎魔長矛	dmg%		160	210
21447	惡魔之拱	炎魔長矛	dmg-fire		232	323
21447	惡魔之拱	炎魔長矛	dmg-ltng		23	333
21447	惡魔之拱	炎魔長矛	lifesteal		6	12
21448	頭皮剝斧	法蘭西飛斧	dmg%		150	200
21448	頭皮剝斧	法蘭西飛斧	lifesteal		4	6
21449	血月	典雅彎刀	charged	BloodGolem	9	15
21449	血月	典雅彎刀	dmg%		210	260
21449	血月	典雅彎刀	heal-kill		7	13
21449	血月	典雅彎刀	lifesteal		10	15
21450	巨靈殺手	土耳其彎刀	abs-ltng		3	7
21450	巨靈殺手	土耳其彎刀	att-demon		200	300
21450	巨靈殺手	土耳其彎刀	dmg%		190	240
21450	巨靈殺手	土耳其彎刀	dmg-demon		100	150
21450	巨靈殺手	土耳其彎刀	dmg-fire		250	500
21450	巨靈殺手	土耳其彎刀	manasteal		3	6
21450	巨靈殺手	土耳其彎刀	sock		1	2
21451	鶴嘴	征戰鎬	charged	Raven	15	8
21451	鶴嘴	征戰鎬	dmg%		240	300
21451	鶴嘴	征戰鎬	dmg-ltng		1	305
21451	鶴嘴	征戰鎬	mag%		20	50
21455	獵頭者的榮耀	食人妖骨盾	ac		320	420
21455	獵頭者的榮耀	食人妖骨盾	ac-miss		300	350
21455	獵頭者的榮耀	食人妖骨盾	heal-kill		5	7
21455	獵頭者的榮耀	食人妖骨盾	res-fire		20	30
21455	獵頭者的榮耀	食人妖骨盾	res-pois		30	40
21455	獵頭者的榮耀	食人妖骨盾	sock		1	3
21461	撼地者	雷霆重鎚	charged	Volcano	30	14
21461	撼地者	雷霆重鎚	dmg%		250	300
21461	撼地者	雷霆重鎚	hit-skill	Eruption	25	14
21462	自然祥和	戒指	charged	Oak Sage	27	5
21462	自然祥和	戒指	red-dmg		7	11
21462	自然祥和	戒指	res-pois		20	30
21464	熾天使之韻	護身符	att-demon		150	250
21464	熾天使之韻	護身符	att-undead		150	250
21464	熾天使之韻	護身符	dmg-demon		25	50
21464	熾天使之韻	護身符	dmg-undead		25	50
21464	熾天使之韻	護身符	skilltab	11	1	2
21466	裂肉者	尖齒小刀	dmg%		200	300
21469	地平線的龍捲風	罪罰連枷	dmg%		230	280
21469	地平線的龍捲風	罪罰連枷	hit-skill	Tornado	20	15
21470	北地肉鎚	打擊棍	abs-cold%		5	15
21470	北地肉鎚	打擊棍	att%		150	180
21470	北地肉鎚	打擊棍	charged	Blizzard	12	16
21470	北地肉鎚	打擊棍	dmg%		270	330
21470	北地肉鎚	打擊棍	dmg-cold	125	205	455
21470	北地肉鎚	打擊棍	freeze		2	4
21473	碧玉爪	腕劍	dmg%		190	240
21473	碧玉爪	腕劍	manasteal		10	15
21473	碧玉爪	腕劍	res-all		40	50
21473	碧玉爪	腕劍	skilltab	19	1	2
21473	碧玉爪	腕劍	skilltab	20	1	2
21476	地獄犬之咬	血系靈獸帽	ac%		130	140
21476	地獄犬之咬	血系靈獸帽	att%		60	120
21476	地獄犬之咬	血系靈獸帽	lifesteal		7	10
21476	地獄犬之咬	血系靈獸帽	skill	feral rage	1	2
21476	地獄犬之咬	血系靈獸帽	skilltab	16	2	4
21482	石鴉	女傑長矛	ac		400	600
21482	石鴉	女傑長矛	dmg%		230	280
21482	石鴉	女傑長矛	dmg-mag		101	187
21482	石鴉	女傑長矛	res-all		30	50
21482	石鴉	女傑長矛	skilltab	2	1	3
21508	血鴉之擊	女傑之弓	att%		200	300
21508	血鴉之擊	女傑之弓	charged	Revive	30	5
21508	血鴉之擊	女傑之弓	dmg%		180	230
21508	血鴉之擊	女傑之弓	skilltab	0	2	4
21512	死靈夜翔	鬼魂刃槍	dmg%		150	190
21512	死靈夜翔	鬼魂刃槍	lifesteal		9	13
21516	梅杜莎的凝視	禦塔盾	ac%		150	180
21516	梅杜莎的凝視	禦塔盾	death-skill	Nova	100	44
21516	梅杜莎的凝視	禦塔盾	gethit-skill	Lower Resist	10	7
21516	梅杜莎的凝視	禦塔盾	lifesteal		5	9
21516	梅杜莎的凝視	禦塔盾	res-cold		40	80
21519	石禦	便盔	ac%		160	220
21519	石禦	便盔	res-cold		20	40
21519	石禦	便盔	res-fire		20	50
21519	石禦	便盔	res-ltng		20	40
21520	盜竊顱盔	兜盔	ac%		200	240
21520	盜竊顱盔	兜盔	mag%		30	50
21521	暗視之盔	輕盔	charged	264	30	5
21521	暗視之盔	輕盔	gethit-skill	71	6	3
21521	暗視之盔	輕盔	res-fire		20	40
21522	盜賊皇冠	莊嚴王冠	ac%		160	200
21522	盜賊皇冠	莊嚴王冠	gold%		80	100
21522	盜賊皇冠	莊嚴王冠	lifesteal		9	12
21523	黑荊角面具	死亡面具	ac%		180	220
21524	靈魂帷幕	鬼魂戰衣	red-mag		7	11
21526	鋼鐵獸皮	格網護甲	ac%		50	100
21526	鋼鐵獸皮	格網護甲	red-dmg		15	20
21526	鋼鐵獸皮	格網護甲	red-mag		10	16
21527	靈魂熔爐	鍊扣戰甲	ac%		120	160
21527	靈魂熔爐	鍊扣戰甲	dmg-fire		20	65
21528	鴉啼	鎖鱗戰甲	*charged	221	3	5
21528	鴉啼	鎖鱗戰甲	ac%		150	180
21529	都瑞爾之殼	護胸甲	ac%		160	200
21530	斯寇德的憤怒	赤褐戰甲	ac%		160	200
21531	排齒	鯊齒戰甲	ac		40	60
21531	排齒	鯊齒戰甲	ac%		160	220
21531	排齒	鯊齒戰甲	thorns		20	40
21532	亞特瑪的哭喊	雕紋戰甲	ac%		120	160
21533	黑色黑帝斯	混沌戰甲	ac%		140	200
21533	黑色黑帝斯	混沌戰甲	att-demon		200	250
21533	黑色黑帝斯	混沌戰甲	dmg-demon		30	60
21534	屍慟	華麗戰甲	ac%		150	180
21534	屍慟	華麗戰甲	charged	74	40	5
21534	屍慟	華麗戰甲	dmg-fire		12	36
21534	屍慟	華麗戰甲	gethit-skill	76	6	2
21537	風暴追逐者	大圓盾	ac%		160	220
21537	風暴追逐者	大圓盾	dmg-ltng		1	60
21537	風暴追逐者	大圓盾	gethit-skill	59	4	6
21537	風暴追逐者	大圓盾	gethit-skill	245	4	5
21538	魔龍的非難	龍盾	ac%		140	200
21538	魔龍的非難	龍盾	dmg-cold	150	27	53
21538	魔龍的非難	龍盾	dmg-fire		35	95
21538	魔龍的非難	龍盾	dmg-ltng		1	120
21538	魔龍的非難	龍盾	gethit-skill	44	5	9
21538	魔龍的非難	龍盾	gethit-skill	48	5	7
21538	魔龍的非難	龍盾	gethit-skill	62	3	6
21538	魔龍的非難	龍盾	res-all		25	35
21540	羅達門特的領域	上古盾	ac%		160	200
21540	羅達門特的領域	上古盾	charged	83	40	6
21541	墓穴手掌	鯊皮手套	ac%		140	180
21541	墓穴手掌	鯊皮手套	att-undead		100	200
21541	墓穴手掌	鯊皮手套	dmg-undead		100	200
21542	食屍鬼之皮	重型護腕	ac%		150	190
21542	食屍鬼之皮	重型護腕	manasteal		4	5
21543	地獄之口	征戰護手	ac%		150	200
21543	地獄之口	征戰護手	dmg-fire		15	72
21543	地獄之口	征戰護手	hit-skill	56	2	4
21543	地獄之口	征戰護手	hit-skill	225	4	12
21544	地獄闊步	魔皮長靴	ac%		120	150
21544	地獄闊步	魔皮長靴	dmg-fire		12	33
21544	地獄闊步	魔皮長靴	gethit-skill	46	5	8
21544	地獄闊步	魔皮長靴	gold%		40	70
21545	水上飄	鯊皮靴	ac%		180	210
21545	水上飄	鯊皮靴	hp		45	65
21546	紗織	鐵網靴	ac%		150	190
21547	戰爭旅者	戰鬥靴	ac%		150	190
21547	戰爭旅者	戰鬥靴	dmg-norm		15	25
21547	戰爭旅者	戰鬥靴	mag%		30	50
21547	戰爭旅者	戰鬥靴	thorns		5	10
21548	剃刀之尾	鯊皮腰帶	ac%		120	150
21549	陰影陷阱	鐵網腰帶	ac%		120	150
21550	冰雪交織	戰鬥腰帶	ac%		130	170
21550	冰雪交織	戰鬥腰帶	dmg-cold	75	13	21
21550	冰雪交織	戰鬥腰帶	gethit-skill	59	5	0
21551	雷神之力	征戰腰帶	ac%		160	200
21551	雷神之力	征戰腰帶	dmg-ltng		1	50
21551	雷神之力	征戰腰帶	gethit-skill	121	5	7
21552	警戒之牆	陰森盾牌	ac%		80	130
21552	警戒之牆	陰森盾牌	mana-kill		3	5
21555	骨焰	魅魔顱骨	ac%		120	150
21555	骨焰	魅魔顱骨	gethit-skill	Terror	15	3
21555	骨焰	魅魔顱骨	nec		2	3
21555	骨焰	魅魔顱骨	res-all		20	30
21556	鋼鐵之柱	征戰長槍	ac%		50	80
21556	鋼鐵之柱	征戰長槍	dmg%		210	260
21557	夜翼面紗	巨角頭盔	abs-cold		5	9
21557	夜翼面紗	巨角頭盔	ac%		90	120
21557	夜翼面紗	巨角頭盔	dex		10	20
21557	夜翼面紗	巨角頭盔	extra-cold		8	15
21559	歲月之冠	日冕之冠	ac		100	150
21559	歲月之冠	日冕之冠	red-dmg%		10	15
21559	歲月之冠	日冕之冠	res-all		20	30
21559	歲月之冠	日冕之冠	sock		1	2
21560	安達莉爾的面貌	惡魔頭骨	ac%		100	150
21560	安達莉爾的面貌	惡魔頭骨	charged	278	20	3
21560	安達莉爾的面貌	惡魔頭骨	lifesteal		8	10
21560	安達莉爾的面貌	惡魔頭骨	str		25	30
21562	龍鱗	撒卡蘭姆盾	abs-fire%		10	20
21562	龍鱗	撒卡蘭姆盾	ac%		170	200
21562	龍鱗	撒卡蘭姆盾	dmg-fire		211	371
21562	龍鱗	撒卡蘭姆盾	str		15	25
21563	鋼鐵甲殼	暗影鎧甲	ac%		190	220
21563	鋼鐵甲殼	暗影鎧甲	gethit-skill	Iron Maiden	8	6
21563	鋼鐵甲殼	暗影鎧甲	red-dmg		9	14
21563	鋼鐵甲殼	暗影鎧甲	regen-mana		10	15
21563	鋼鐵甲殼	暗影鎧甲	res-cold		40	60
21565	彩虹刻面	珠寶	death-skill	Blizzard	100	37
21565	彩虹刻面	珠寶	death-skill	Chain Lightning	100	47
21565	彩虹刻面	珠寶	death-skill	Meteor	100	31
21565	彩虹刻面	珠寶	death-skill	Poison Nova	100	51
21565	彩虹刻面	珠寶	dmg-cold	3	24	38
21565	彩虹刻面	珠寶	dmg-fire		17	45
21565	彩虹刻面	珠寶	dmg-ltng		1	74
21565	彩虹刻面	珠寶	extra-cold		3	5
21565	彩虹刻面	珠寶	extra-fire		3	5
21565	彩虹刻面	珠寶	extra-ltng		3	5
21565	彩虹刻面	珠寶	extra-pois		3	5
21565	彩虹刻面	珠寶	levelup-skill	Blaze	100	29
21565	彩虹刻面	珠寶	levelup-skill	Frost Nova	100	43
21565	彩虹刻面	珠寶	levelup-skill	Nova	100	41
21565	彩虹刻面	珠寶	levelup-skill	Venom	100	23
21565	彩虹刻面	珠寶	pierce-cold		3	5
21565	彩虹刻面	珠寶	pierce-fire		3	5
21565	彩虹刻面	珠寶	pierce-ltng		3	5
21565	彩虹刻面	珠寶	pierce-pois		3	5
21566	掠鴉之王	天翔靈獸帽	ac%		120	150
21566	掠鴉之王	天翔靈獸帽	enr		20	30
21566	掠鴉之王	天翔靈獸帽	pierce-fire		10	20
21566	掠鴉之王	天翔靈獸帽	res-all		15	25
21567	骸骨陰影	巫妖魔杖	skill	Bone Armor	4	5
21567	骸骨陰影	巫妖魔杖	skill	Bone Spear	2	3
21567	骸骨陰影	巫妖魔杖	skill	Bone Spirit	1	2
21567	骸骨陰影	巫妖魔杖	skill	Bone Wall	2	3
21567	骸骨陰影	巫妖魔杖	skill	Teeth	4	5
21570	火嚎	炎魔之刃	abs-fire%		20	30
21570	火嚎	炎魔之刃	dmg%		170	240
21570	火嚎	炎魔之刃	dmg-fire		233	482
21570	火嚎	炎魔之刃	hit-skill	Firestorm	12	16
21570	火嚎	炎魔之刃	oskill	Inferno	12	18
21570	火嚎	炎魔之刃	str		10	20
21570	火嚎	炎魔之刃	vit		5	10
21571	死亡深度	次元法珠	extra-cold		15	30
21571	死亡深度	次元法珠	res-fire		25	40
21571	死亡深度	次元法珠	res-ltng		25	40
21572	狼嚎	暴怒面甲	ac%		120	150
21572	狼嚎	暴怒面甲	charged	Summon Fenris	18	15
21572	狼嚎	暴怒面甲	dex		8	15
21572	狼嚎	暴怒面甲	oskill	Feral Rage	3	6
21572	狼嚎	暴怒面甲	oskill	Shape Shifting	3	6
21572	狼嚎	暴怒面甲	oskill	Wearwolf	3	6
21572	狼嚎	暴怒面甲	skilltab	14	2	3
21572	狼嚎	暴怒面甲	str		8	15
21572	狼嚎	暴怒面甲	vit		8	15
21573	魂系結界	庇護盾	abs-cold		6	11
21573	魂系結界	庇護盾	ac%		130	180
21573	魂系結界	庇護盾	block		20	30
21573	魂系結界	庇護盾	gethit-skill	Fade	5	8
21573	魂系結界	庇護盾	res-all		30	40
21574	奇拉的守護	頭冠	ac		50	120
21574	奇拉的守護	頭冠	res-all		50	70
21576	基德的財運	特大咒符	cheap		10	15
21576	基德的財運	特大咒符	gold%		80	160
21576	基德的財運	特大咒符	mag%		20	40
21578	暴風之鞭	罪罰連枷	abs-ltng		3	9
21578	暴風之鞭	罪罰連枷	dmg%		240	300
21578	暴風之鞭	罪罰連枷	dmg-ltng		1	473
21578	暴風之鞭	罪罰連枷	hit-skill	Static Field	15	10
21578	暴風之鞭	罪罰連枷	hit-skill	Tornado	20	18
21579	海拉柏德的國度	征服者盔冠	ac%		140	170
21579	海拉柏德的國度	征服者盔冠	regen		15	23
21579	海拉柏德的國度	征服者盔冠	skill	Battle Command	1	2
21579	海拉柏德的國度	征服者盔冠	skill	Battle Orders	1	2
21582	尖刺荊棘	刀刃刺盾	ac%		120	150
21582	尖刺荊棘	刀刃刺盾	red-dmg%		15	20
21583	德古拉之握	吸血鬼骸骨手套	ac%		90	120
21583	德古拉之握	吸血鬼骸骨手套	heal-kill		5	10
21583	德古拉之握	吸血鬼骸骨手套	hit-skill	Life Tap	5	10
21583	德古拉之握	吸血鬼骸骨手套	lifesteal		7	10
21583	德古拉之握	吸血鬼骸骨手套	str		10	15
21584	霜風	絕秘劍	abs-cold%		7	15
21584	霜風	絕秘劍	dmg%		180	230
21584	霜風	絕秘劍	dmg-cold	150	237	486
21584	霜風	絕秘劍	oskill	Arctic Blast	7	14
21585	聖堂騎士之力	神聖戰甲	ac%		170	220
21585	聖堂騎士之力	神聖戰甲	ac-miss		250	300
21585	聖堂騎士之力	神聖戰甲	skilltab	10	1	2
21585	聖堂騎士之力	神聖戰甲	stam		40	50
21585	聖堂騎士之力	神聖戰甲	str		10	15
21585	聖堂騎士之力	神聖戰甲	vit		10	15
21586	艾斯屈塔的憤怒	異能法珠	enr		20	30
21586	艾斯屈塔的憤怒	異能法珠	extra-fire		10	20
21586	艾斯屈塔的憤怒	異能法珠	extra-ltng		10	20
21586	艾斯屈塔的憤怒	異能法珠	sor		1	3
21587	火蜥蜴之爪	蠻獸爪	dmg%		200	270
21587	火蜥蜴之爪	蠻獸爪	dmg-fire		236	480
21587	火蜥蜴之爪	蠻獸爪	res-fire		40	70
21587	火蜥蜴之爪	蠻獸爪	skill	Inferno Sentry	1	2
21587	火蜥蜴之爪	蠻獸爪	skill	Wake of Fire Sentry	1	2
21587	火蜥蜴之爪	蠻獸爪	skilltab	20	1	3
21588	沙暴之旅	聖甲蟲殼皮靴	ac%		140	170
21588	沙暴之旅	聖甲蟲殼皮靴	res-pois		40	70
21588	沙暴之旅	聖甲蟲殼皮靴	str		10	15
21588	沙暴之旅	聖甲蟲殼皮靴	vit		10	15
21589	骨髓行走	骸骨網靴	ac%		170	200
21589	骨髓行走	骸骨網靴	charged	Bone Prison	13	33
21589	骨髓行走	骸骨網靴	charged	Life Tap	10	12
21589	骨髓行走	骸骨網靴	skill	Skeleton Mastery	1	2
21589	骨髓行走	骸骨網靴	str		10	20
21590	天堂之光	強威權杖	demon-heal		15	20
21590	天堂之光	強威權杖	dmg%		250	300
21590	天堂之光	強威權杖	pal		2	3
21590	天堂之光	強威權杖	sock		1	3
21592	蜘蛛之網	蛛網束帶	ac%		90	120
21592	蜘蛛之網	蛛網束帶	charged	Venom	11	3
21593	吸血鬼王之圈	吸血鬼牙腰帶	lifesteal		5	7
21595	伐頓戈的強韌腰索	秘銀腰帶	ac%		90	140
21595	伐頓戈的強韌腰索	秘銀腰帶	red-dmg%		10	15
21595	伐頓戈的強韌腰索	秘銀腰帶	regen		10	13
21595	伐頓戈的強韌腰索	秘銀腰帶	stam		100	120
21595	伐頓戈的強韌腰索	秘銀腰帶	vit		30	40
21597	腐肉之風	戒指	ac-miss		100	160
21597	腐肉之風	戒指	charged	Plague Poppy	15	21
21597	腐肉之風	戒指	hit-skill	Twister	8	13
21597	腐肉之風	戒指	lifesteal		6	9
21598	巨大顱骨	骸骨面罩	ac		250	320
21598	巨大顱骨	骸骨面罩	sock		1	2
21598	巨大顱骨	骸骨面罩	str		25	35
21599	愛斯特龍的鐵衛	神使權杖	att%		150	200
21599	愛斯特龍的鐵衛	神使權杖	dmg		40	85
21599	愛斯特龍的鐵衛	神使權杖	dmg%		240	290
21599	愛斯特龍的鐵衛	神使權杖	dmg-mag		80	240
21599	愛斯特龍的鐵衛	神使權杖	red-dmg		4	7
21599	愛斯特龍的鐵衛	神使權杖	skilltab	9	2	4
21608	薩拉森的機會	護身符	gethit-skill	76	10	2
21608	薩拉森的機會	護身符	res-all		15	25
21609	大君之怒	護身符	dmg-ltng		1	30
21610	烏鴉之霜	戒指	att		150	250
21610	烏鴉之霜	戒指	dex		15	20
21610	烏鴉之霜	戒指	dmg-cold	100	15	45
21611	矮人之星	戒指	red-mag		12	15
21612	亞特瑪的聖甲蟲	護身符	hit-skill	66	5	2
21613	馬拉的萬花筒	護身符	res-all		20	30
21614	新月	護身符	lifesteal		3	6
21614	新月	護身符	manasteal		11	15
21615	旭日東升	護身符	dmg-fire		24	48
21615	旭日東升	護身符	gethit-skill	56	2	0
21617	布爾凱索的婚戒	戒指	lifesteal		3	5
21619	金屬網格	護身符	ac		300	350
21619	金屬網格	護身符	att		400	450
21619	金屬網格	護身符	charged	Iron Maiden	20	12
21619	金屬網格	護身符	charged	IronGolem	11	22
21619	金屬網格	護身符	res-all		25	35
21622	黑橡樹盾	圓月盾	ac%		160	200
21622	黑橡樹盾	圓月盾	gethit-skill	72	4	5
21623	奧瑪斯之袍	灰暮罩衣	ac		10	20
21623	奧瑪斯之袍	灰暮罩衣	extra-cold		10	15
21623	奧瑪斯之袍	灰暮罩衣	extra-fire		10	15
21623	奧瑪斯之袍	灰暮罩衣	extra-ltng		10	15
21623	奧瑪斯之袍	灰暮罩衣	regen-mana		10	15
21623	奧瑪斯之袍	灰暮罩衣	skill-rand	3	36	60
21624	阿凱尼的榮耀	炎魔皮板甲	ac%		150	180
21624	阿凱尼的榮耀	炎魔皮板甲	allskills		1	2
21624	阿凱尼的榮耀	炎魔皮板甲	red-dmg		10	15
21625	鬥士之禍	鋼線毛皮甲	ac%		150	200
21625	鬥士之禍	鋼線毛皮甲	red-dmg		15	20
21625	鬥士之禍	鋼線毛皮甲	red-mag		15	20
21628	長槍守衛	倒刺盾	ac%		70	120
21629	基爾克的聖堂	大盾	ac%		180	240
21629	基爾克的聖堂	大盾	red-dmg		11	16
21629	基爾克的聖堂	大盾	red-mag		14	18
21629	基爾克的聖堂	大盾	res-all		20	30
21630	摩瑟的祝福之圓	圓型盾	ac%		180	220
21631	教宗的智慧	法師鎧甲	ac%		140	160
21631	教宗的智慧	法師鎧甲	red-mag		6	10
21632	守護天使	聖堂騎士戰甲	ac%		180	200
21633	剝皮者之皮	魔皮護甲	ac%		150	190
21633	剝皮者之皮	魔皮護甲	lifesteal		5	7
21633	剝皮者之皮	魔皮護甲	regen		15	25
21635	風之力	多頭蛇弓	manasteal		6	8
21637	吉默削斧	高速飛斧	dmg%		160	210
21637	吉默削斧	高速飛斧	dmg-cold	100	176	397
21637	吉默削斧	高速飛斧	dmg-fire		218	483
21637	吉默削斧	高速飛斧	dmg-ltng		29	501
21638	絕命	庇護弓	dmg%		150	200
21638	絕命	庇護弓	oskill	Guided Arrow	3	5
21639	暴風尖塔	巨型斬鐮	dmg%		150	250
21639	暴風尖塔	巨型斬鐮	dmg-ltng		1	237
21639	暴風尖塔	巨型斬鐮	gethit-skill	38	2	0
21641	無形之刃	銀刃斧	abs-fire		10	12
21641	無形之刃	銀刃斧	att		270	350
21641	無形之刃	銀刃斧	demon-heal		5	10
21641	無形之刃	銀刃斧	dmg%		150	180
21641	無形之刃	銀刃斧	dmg-demon		150	200
21643	高祖	巨神刃	dmg%		150	250
21644	末日使者	豪傑大劍	dmg%		180	250
21644	末日使者	豪傑大劍	dmg-norm		30	100
21644	末日使者	豪傑大劍	hit-skill	72	8	3
21644	末日使者	豪傑大劍	lifesteal		5	7
21645	泰瑞爾之力	神聖戰甲	ac%		120	150
21645	泰瑞爾之力	神聖戰甲	dmg-demon		50	100
21645	泰瑞爾之力	神聖戰甲	res-all		20	30
21645	泰瑞爾之力	神聖戰甲	str		20	30
21646	光之軍刀	幻化之刃	att-skill	53	5	0
21646	光之軍刀	幻化之刃	dmg%		150	200
21646	光之軍刀	幻化之刃	dmg-ltng		1	200
21646	光之軍刀	幻化之刃	dmg-mag		60	120
21646	光之軍刀	幻化之刃	dmg-norm		10	30
21646	光之軍刀	幻化之刃	manasteal		5	7
21647	碎腦鎚	雷霆重鎚	dmg%		200	240
21647	碎腦鎚	雷霆重鎚	hit-skill	66	4	1
21648	史恰佛之鎚	傳說戰鎚	dmg%		100	130
21648	史恰佛之鎚	傳說戰鎚	dmg-ltng		50	200
21648	史恰佛之鎚	傳說戰鎚	hit-skill	42	20	10
21649	巴拉那之星	妖鬼釘頭鎚	dmg-cold		1	200
21649	巴拉那之星	妖鬼釘頭鎚	dmg-fire		1	200
21649	巴拉那之星	妖鬼釘頭鎚	dmg-ltng		1	200
21650	死亡之網	埋骨魔杖	heal-kill		7	12
21650	死亡之網	埋骨魔杖	mana-kill		7	12
21650	死亡之網	埋骨魔杖	pierce-pois		40	50
21650	死亡之網	埋骨魔杖	skilltab	7	1	2
21651	梅希斯密特之劫掠者	豪傑斧	dmg-fire		20	240
21652	地獄殺戮者	斬首斧	att-skill	47	10	0
21652	地獄殺戮者	斬首斧	dmg-fire		150	250
21653	無盡冰雹	雙曲弓	dmg%		180	220
21653	無盡冰雹	雙曲弓	dmg-cold	75	15	30
21653	無盡冰雹	雙曲弓	skill	26	3	5
21654	亞特蘭提恩	上古劍	dmg%		200	250
21656	貝西爾的漩渦	刑罪連枷	charged	48	80	15
21656	貝西爾的漩渦	刑罪連枷	dmg%		160	200
21656	貝西爾的漩渦	刑罪連枷	dmg-ltng		1	150
21656	貝西爾的漩渦	刑罪連枷	hit-skill	48	5	8
21657	撒卡蘭姆之手	符文權杖	dmg%		180	220
21657	撒卡蘭姆之手	符文權杖	hit-skill	59	6	5
21659	牛頭怪	上古斧	dmg%		140	200
21659	牛頭怪	上古斧	dmg-norm		20	30
21659	牛頭怪	上古斧	str		15	20
21735	泰坦的復仇	儀禮標槍	dmg%		150	200
21735	泰坦的復仇	儀禮標槍	dmg-norm		25	50
21735	泰坦的復仇	儀禮標槍	lifesteal		5	9
21737	萊坎德的準頭	儀禮弓	dmg%		150	200
21737	萊坎德的準頭	儀禮弓	dmg-norm		25	50
21737	萊坎德的準頭	儀禮弓	manasteal		5	8
21743	滅絕	小型咒符	addxp		5	10
21743	滅絕	小型咒符	all-stats		10	20
21743	滅絕	小型咒符	res-all		10	20
21744	亞瑞特的面容	殺手護盔	ac%		150	200
21744	亞瑞特的面容	殺手護盔	lifesteal		3	6
21750	加爾的鬃毛	圖騰面具	ac%		150	200
21755	魔胎	祭司首級	ac%		150	200
21758	撒卡蘭姆使者	金紋盾	ac%		150	200
21762	核瞳	渦流水晶	gethit-skill	54	25	1
21827	萊坎德的側翼	儀禮長槍	dmg%		150	200
21827	萊坎德的側翼	儀禮長槍	dmg-norm		25	50
21827	萊坎德的側翼	儀禮長槍	lifesteal		5	9
21829	金瑟的裂隙	次元刃	dmg%		100	150
21829	金瑟的裂隙	次元刃	dmg-mag		50	120
21829	金瑟的裂隙	次元刃	red-mag		7	12
